occurrence_id,organism_id,organism_quantity,organism_quantity_type,sex,life_stage,reproductive_condition,behavior,establishment_means,occurrence_status,pathway,degree_of_establishment,georeference_verification_status,occurrence_remarks,information_withheld,data_generalizations,recorded_by,recorded_by_id,associated_media,associated_occurrences,associated_taxa
0043223786c31c9c4e4fa7377a39191780a0160f,,6,,,,,,,,,,,,,,,,,,
0067a45c9244bb3543348562efb349f46c95f600,,18,,,,,,,,,,,,,,,,,,
022dcaf52c98cd029e137b55961a5bc40bca3a58,,14,,,,,,,,,,,,,,,,,,
02479b0e8351aa8551f720cb38ad3982548de86e,,6,,,,,,,,,,,,,,,,,,
028be56dad006e24c9cdc121cc38ab3731e34511,,2,,,,,,,,,,,,,,,,,,
02afffcf5e14929abdf26c1ed21f7043bc18ed78,,10,,,,,,,,,,,,,,,,,,
03099a49f87c2b209a1141198166cb43571dff8e,,6,,,,,,,,,,,,,,,,,,
042a971f4a2e3d7933d23b72ae8e9a35c386dee6,,208,,,,,,,,,,,,,,,,,,
049d55e9756653f95b2abe17a73cf39cb6327dc2,,36,,,,,,,,,,,,,,,,,,
04e6f2514ea809417e8a85251ae53e18465d8513,,6,,,,,,,,,,,,,,,,,,
0532d2565a670d633b587bd1b863ab5605c84f8d,,8,,,,,,,,,,,,,,,,,,
0564a7f6e8bdf14f368aa89ea9326eea264e5b30,,420,,,,,,,,,,,,,,,,,,
05ee9217664c055f6dc70062873193b6ebecfc81,,116,,,,,,,,,,,,,,,,,,
0669d9baf5d7c82c6a46fbf0ed56276bdec2947a,,100,,,,,,,,,,,,,,,,,,
0679f475b91ce4d9a818df3d8c425a808542589f,,2,,,,,,,,,,,,,,,,,,
06976cd6e520c9ed053653188f4899cbe0af0ff3,,58,,,,,,,,,,,,,,,,,,
06c18358de7a290bbcc1dcd5eff1ccc9cd23396a,,18,,,,,,,,,,,,,,,,,,
06c8eb4e8ecae08657a50253cfd0894af8584a6e,,140,,,,,,,,,,,,,,,,,,
06f3a71e3edf39d545be9461a267242730d6dd33,,6,,,,,,,,,,,,,,,,,,
070e5079604cb30d724fc7835ce9dcbf4a5a1ef2,,2,,,,,,,,,,,,,,,,,,
07366d04de02f9f49495ee271d2daa47abeee9e6,,176,,,,,,,,,,,,,,,,,,
0772c079f8d1cfc51b2af01438136bfbadf9f7ac,,2,,,,,,,,,,,,,,,,,,
08548d1467a12588ec0121a81652a283c63b4e55,,10,,,,,,,,,,,,,,,,,,
09a4bae96ab20eed06c7c43da55692c6a77a339c,,4,,,,,,,,,,,,,,,,,,
09b0bfc2a1a3b46344ae37c66fdb16bc6bcaf452,,62,,,,,,,,,,,,,,,,,,
09f61697ed9324e1c5cc94db115bd90806e0bf9e,,28,,,,,,,,,,,,,,,,,,
0ad2e6f8a1817c5eb7e853235f0228dc6656de14,,286,,,,,,,,,,,,,,,,,,
0ae4da62f20626f050e74c89ab24c4e3b39775ac,,24,,,,,,,,,,,,,,,,,,
0ae9533d261000aa94d4d5f1c6f80b11abf1673b,,26,,,,,,,,,,,,,,,,,,
0af802607c22b02efeeefe7104d232abab38c675,,258,,,,,,,,,,,,,,,,,,
0be57605d34212d4b553f2462a1a65ff50426187,,18,,,,,,,,,,,,,,,,,,
0c70d86280bd666fccaf63748057c27aaaea6f2f,,8,,,,,,,,,,,,,,,,,,
0c8667a1921fa359fbf2c559b11564c8b2cd53bb,,58,,,,,,,,,,,,,,,,,,
0cf7ab52376bda4f8c2c7b5f4760100c5ccc02d8,,10,,,,,,,,,,,,,,,,,,
0d3cff7330e3ccd4bbb0762cfdb09aa50531a03e,,6,,,,,,,,,,,,,,,,,,
0d7be608ab71e9fedfd49470b819f90a982371af,,10,,,,,,,,,,,,,,,,,,
0da42d691fe7145398c25ebc2e08d53002c27396,,22,,,,,,,,,,,,,,,,,,
0dbe90ea07557adc79b2fb3694555f22b2b98a29,,30,,,,,,,,,,,,,,,,,,
0dc072271098dab1f790de3f63abaf99eaec7038,,4,,,,,,,,,,,,,,,,,,
0dee2214e2f6123a57e8a197523258e6df13c81d,,4,,,,,,,,,,,,,,,,,,
0e51e2ca06e0291aef76e14791f3f968cfda139f,,16,,,,,,,,,,,,,,,,,,
0f974924065035be7e0268710d2c9655f191fe3b,,2,,,,,,,,,,,,,,,,,,
112e1c271eac368f8dfcee2ac2e3885586868dfb,,4,,,,,,,,,,,,,,,,,,
1230cca6c088fe5471157d09c26b1c97c1992ae6,,18,,,,,,,,,,,,,,,,,,
12a85ca404cb8b0a0f80a431c2e4b57e810fa48c,,60,,,,,,,,,,,,,,,,,,
12becac93c34d8a422a09b07aadaed0a8aa88533,,20,,,,,,,,,,,,,,,,,,
12cf9b226ec335c33d080c026fe0aa025898b234,,2,,,,,,,,,,,,,,,,,,
13014887b125fef6af1d3bc23cb2e7c1aa6a7715,,26,,,,,,,,,,,,,,,,,,
1452a48938381b3f5d0db147251a27e340432623,,16,,,,,,,,,,,,,,,,,,
15b3cb23f634e24acfdcf72e9a2778a2144ae891,,136,,,,,,,,,,,,,,,,,,
1673a23c1e176942d59cb02adc09f3e27ffb1487,,2,,,,,,,,,,,,,,,,,,
17550a657a227de1bfa4ec1ee09d5e9cdfa96d6d,,42,,,,,,,,,,,,,,,,,,
177f0cce6a959a82b1bf0750ff88def079aaee25,,16,,,,,,,,,,,,,,,,,,
17ebb52de89f0260f07ff825f24c04575242d224,,4,,,,,,,,,,,,,,,,,,
17ef9125b2badee4815641620aff0b40e80ed4a1,,94,,,,,,,,,,,,,,,,,,
184d36ed917c37302e0e57d9915020b409206641,,2,,,,,,,,,,,,,,,,,,
190bd7ab9a0d36499d1b2984b51c2e91da037ed0,,68,,,,,,,,,,,,,,,,,,
19213d0ca63f9c981333e30751f6f445da03b58c,,24,,,,,,,,,,,,,,,,,,
1a021ece9e44fc985f6a691ff69fa5c74fe9cb3a,,12,,,,,,,,,,,,,,,,,,
1a2ebd51652d0ef3932db18b10bf0d3ecb57ea61,,200,,,,,,,,,,,,,,,,,,
1a2f284ad9aec132909efe992977ccf7dab54ea7,,4,,,,,,,,,,,,,,,,,,
1a9037932e6bc85ad32838cb5cfe0495d2297563,,2,,,,,,,,,,,,,,,,,,
1b82874fd7b277b73496101a36e941091cdff9f3,,2,,,,,,,,,,,,,,,,,,
1b8c8e598cb811d5e48c1ffbe7794c14d6cea9ab,,30,,,,,,,,,,,,,,,,,,
1bdfa9bdac7f6fc3ed32a66f919ee50aa613f494,,22,,,,,,,,,,,,,,,,,,
1d44abb06cf40c4a8f0f7032bc3d7569490db781,,6,,,,,,,,,,,,,,,,,,
1dc1461755dd2ae98465e8f250313a06ada032f1,,2,,,,,,,,,,,,,,,,,,
1dfe9c211f405c3ad6233765e43d16a0f9e7e510,,9,,,,,,,,,,,,,,,,,,
1e6659df2c808f918ec77592ed6bd97279b585c4,,16,,,,,,,,,,,,,,,,,,
1f25268fd952e8b74cd67fde85bda04cfa404306,,10,,,,,,,,,,,,,,,,,,
21331561e95d7bd4f2b664f7d5cd7f5fd57fa71d,,72,,,,,,,,,,,,,,,,,,
21504c5c2bd48a73ec02f995340e6cc98bdbb3ab,,10,,,,,,,,,,,,,,,,,,
2209cf860d275af062f4939d180a130e77da2b67,,2,,,,,,,,,,,,,,,,,,
223819bcad6382be35ef9c9e08c73043ef397f6d,,4,,,,,,,,,,,,,,,,,,
2241efd369d36e06181c6c87c03c69e30ae6ec78,,8,,,,,,,,,,,,,,,,,,
22b428b21bb2cbfd43c12f4652b665df1a6e8906,,530,,,,,,,,,,,,,,,,,,
2397400e335f63810a22cba9b48b9c4289a6727b,,26,,,,,,,,,,,,,,,,,,
253306636a6280e41b4c32aacad63220af5bcd59,,178,,,,,,,,,,,,,,,,,,
253aa58cf5bac5601b00a2522448c99097781514,,12,,,,,,,,,,,,,,,,,,
265ba0fd9ab0867bfc52c798ee7a1fc410e2cf6b,,12,,,,,,,,,,,,,,,,,,
26a905239dc05606780bcbf2b66e792aa3773603,,36,,,,,,,,,,,,,,,,,,
2719e4986ad49ffef91ebccb5bd5472173c486a1,,30,,,,,,,,,,,,,,,,,,
27b1502dfa9510f1dcd3a7e4bac7ead4a62f4435,,44,,,,,,,,,,,,,,,,,,
28b2e1d3b4bdfcb7a496febf58f52953029eccf4,,322,,,,,,,,,,,,,,,,,,
28e5ba5d5624c5116a7c7b3f64e5ecec0fd8daba,,4,,,,,,,,,,,,,,,,,,
2911c72029fb48a345fa9b8420a0e626d029b538,,516,,,,,,,,,,,,,,,,,,
296a8b10f477e88369c357f9fb94a60422fd3547,,2,,,,,,,,,,,,,,,,,,
2973554290a1a44ea4e70e27220a995e2c53c87d,,14,,,,,,,,,,,,,,,,,,
2a922e9d98b910b40ecec53b17c562488f27ff72,,14,,,,,,,,,,,,,,,,,,
2c3b8157cbc7a2dd2e61f59b089340e5ddd38b5b,,938,,,,,,,,,,,,,,,,,,
2c6d959b4d01f4f0fda67dbcfc7d7b0616b101d4,,2,,,,,,,,,,,,,,,,,,
2c6f47e4f69242bc56323e417433dd976ad7cf02,,14,,,,,,,,,,,,,,,,,,
2cc34876e4162c19c325dce85c0d4ba367b51689,,4,,,,,,,,,,,,,,,,,,
2ce65de52682aa1d692d071a84d33c282375a681,,92,,,,,,,,,,,,,,,,,,
2f73f8e623976cd7a4ea82353080a43fdea34458,,2,,,,,,,,,,,,,,,,,,
2fc04927915b6d691f3c9e8bc3d7abd1d81919fd,,140,,,,,,,,,,,,,,,,,,
2fdb90e355ff603c1ec1a9918353a1d25a54a6dd,,88,,,,,,,,,,,,,,,,,,
2ffb3ffb20ca77ac2c134fc86a986a1f0280ce86,,4,,,,,,,,,,,,,,,,,,
300f8282da79d8024e93c1b9e64f1eeae78b246e,,30,,,,,,,,,,,,,,,,,,
302cb70f4616f7249a7d10269e31f939bcbd30c7,,2,,,,,,,,,,,,,,,,,,
3093edadbf65e07b8a10927367ff6ebe63a4474c,,66,,,,,,,,,,,,,,,,,,
319aa2563381a7bba7c6b6af28cedac4a7822aeb,,6,,,,,,,,,,,,,,,,,,
32491ca86693dbf3b7b42be9074fc8f3b43a1b36,,42,,,,,,,,,,,,,,,,,,
3251f2cf1d9466a7d3f391defae83ba5668ec02f,,2,,,,,,,,,,,,,,,,,,
326ad4157595dc7940fb666b4e0a2683af174c93,,33,,,,,,,,,,,,,,,,,,
3296d62d9d08f980e8d5fff42fb4bdb3c97b0243,,284,,,,,,,,,,,,,,,,,,
32abfd8a02ea614a4167e79cb027ab4887e3b23d,,10,,,,,,,,,,,,,,,,,,
32ba91d37c6112159757c27f46f2fdb94e99b991,,40,,,,,,,,,,,,,,,,,,
343bb27f58ad30e5ff9110d05d7ea410e65198ed,,4,,,,,,,,,,,,,,,,,,
35faab08f03eeaf779c13a4e9abd14c4abf10c75,,88,,,,,,,,,,,,,,,,,,
36a73bd60a958b95e26ce819c70fe077986e6445,,14,,,,,,,,,,,,,,,,,,
36d6fdb6f5a405d4f62f80d203abcf20fc0e7f83,,2,,,,,,,,,,,,,,,,,,
37cb49614b6024678da3861dfa4dab78133eb485,,18,,,,,,,,,,,,,,,,,,
3866c9d007b2001ad2fd0e6f487e6dc91f80c0c1,,25,,,,,,,,,,,,,,,,,,
398d2b23cc21ded011d8366c2596a4e2cbeb4e3b,,34,,,,,,,,,,,,,,,,,,
39d86c9a112d8486c78b29d26db74645545cafa6,,2,,,,,,,,,,,,,,,,,,
3a50d1b229aedd5ccd8c99bff8b3ce471517cc70,,44,,,,,,,,,,,,,,,,,,
3a7986bb21389b0a46646829ed29c9a0aa7e7666,,12,,,,,,,,,,,,,,,,,,
3bf684be2eea2eabb357fb5b1a117b514e7faa33,,142,,,,,,,,,,,,,,,,,,
3c98b8baeb2b34735fd397d1c27650eef9d2a34d,,8,,,,,,,,,,,,,,,,,,
3caaaa91f2652cf089ff70e1f7f73dbeb4a78382,,234,,,,,,,,,,,,,,,,,,
3ce29ee59fb174c93d47efe40d65a27cdfe1e3d1,,4,,,,,,,,,,,,,,,,,,
3d26e282ef4c4b8b7cb0438cff7aef9a5554acd2,,82,,,,,,,,,,,,,,,,,,
3d443b6c5206a1845e51b6330dc7bb96a4baa3ac,,464,,,,,,,,,,,,,,,,,,
3d47c968b306a86b7061e22598536b984abc48a4,,40,,,,,,,,,,,,,,,,,,
3dc2e9edd83a4603adccbff6d184a6a4f674f533,,6,,,,,,,,,,,,,,,,,,
3e4d80b7c34988bdc793d0d81005299e789b7421,,10,,,,,,,,,,,,,,,,,,
3f4ecb9ae09aef3ffe15afaf786d76b72ccd8a9c,,18,,,,,,,,,,,,,,,,,,
3f766e3b1cfc317f0be4abf39c345031624c1277,,2,,,,,,,,,,,,,,,,,,
3f9edf1ae310b5bfb5da9440240dc5060b53840a,,2,,,,,,,,,,,,,,,,,,
3fbf9ae747332a419b0cbe160e55dab261485bb8,,104,,,,,,,,,,,,,,,,,,
409a3d71045706999043ff989d316925770b43e5,,4,,,,,,,,,,,,,,,,,,
40fda204dad398d3a77b9cdf75a816fe29acfb04,,4,,,,,,,,,,,,,,,,,,
41d1bcfa9148e3a81357c25ebd626f32772e865c,,30,,,,,,,,,,,,,,,,,,
42a87eac1d0aa4cb7531774d872f3d51662ec367,,16,,,,,,,,,,,,,,,,,,
42c700983847b242be7d82c82c73881532051174,,50,,,,,,,,,,,,,,,,,,
43f99404fb81ba0ca2658846686605c129004961,,16,,,,,,,,,,,,,,,,,,
446380765e2a4e40c2bb74690d09bc67135f435a,,8,,,,,,,,,,,,,,,,,,
44868b4098ee472fb691455f05bb619b14a15fa7,,68,,,,,,,,,,,,,,,,,,
44a4459c1befcfc661ecd32942e46f9459871a57,,2,,,,,,,,,,,,,,,,,,
45a5549a6c1fbe29358bed27cb5d71d09414b0ff,,12,,,,,,,,,,,,,,,,,,
466e97014774d7cba5388bea92fc1334d2f505e1,,26,,,,,,,,,,,,,,,,,,
46a5f3a5bf59028688386b6009aea45aa5ef520b,,96,,,,,,,,,,,,,,,,,,
46c8ac534d5f9ec5592806f8d7a6724319210cf3,,176,,,,,,,,,,,,,,,,,,
46f0e7726c29866bc7addd3f8c72d7ab03eba898,,4,,,,,,,,,,,,,,,,,,
4771154cfaf30a1adcb264d6e650506e5fe403e9,,614,,,,,,,,,,,,,,,,,,
47a7b1782f901fad4e0f1ecbd01f0a999b811e77,,4,,,,,,,,,,,,,,,,,,
48ac81a68fae53705ca0288ebadd330156efe459,,2,,,,,,,,,,,,,,,,,,
48d114302dc2d74744eb4c8d1f1385c2db0e65d3,,98,,,,,,,,,,,,,,,,,,
490d634c0412672b477bed5f0c7bd5e12a9e560d,,172,,,,,,,,,,,,,,,,,,
492bc1af36b63c6435ec199be750a1de62796291,,2,,,,,,,,,,,,,,,,,,
49dce1905b36b5355cbf17b0c38074850a6de64a,,2,,,,,,,,,,,,,,,,,,
4a099b055625cb5375503fe49579cf14022ea40e,,178,,,,,,,,,,,,,,,,,,
4ab361ed152859d793c581b3a209587db81cca2b,,46,,,,,,,,,,,,,,,,,,
4abf12e34433f3b6ef7463ac5d489fbb7befcc42,,4,,,,,,,,,,,,,,,,,,
4b0ab8ee2268da409e22491fb7437f2285f6c839,,130,,,,,,,,,,,,,,,,,,
4b424a38736fad198f06389e267a9b22e5422e7a,,10,,,,,,,,,,,,,,,,,,
4b537443bb3ddf6cb5f9ec216fe62ea069f9c5e0,,14,,,,,,,,,,,,,,,,,,
4baa617ab1bdea26a906dbc970d974ac8098f1ec,,14,,,,,,,,,,,,,,,,,,
4c901521756ec61529b5fb529ac179cdb107d07c,,2,,,,,,,,,,,,,,,,,,
4c982de25c1f311b12936e77d3b8d5518f44011f,,2,,,,,,,,,,,,,,,,,,
4cc324de525e263dc425a4c40cb85710a9b6c1d9,,100,,,,,,,,,,,,,,,,,,
4ce562d72ec5904a988eedcac19a9bd0014edfb5,,10,,,,,,,,,,,,,,,,,,
4cec43155fdcd6e791cc314d875ffd8b593a8034,,24,,,,,,,,,,,,,,,,,,
4de1f52700b748db76714dbc80f92355d32e3c19,,10,,,,,,,,,,,,,,,,,,
4e6674ae460e5806d6dad7b0049d87380d55ae00,,30,,,,,,,,,,,,,,,,,,
4e7fc20024b998326202d5d3ee2ea47c1379ad9f,,56,,,,,,,,,,,,,,,,,,
4edc923bf8571521015cb170a5184dd35c4dbc56,,6,,,,,,,,,,,,,,,,,,
4f38133ddf369106c8e2b2edb7c62a743a0c042d,,26,,,,,,,,,,,,,,,,,,
4f414381db1ceffd311b31287dbd8fc9b90e2dd3,,30,,,,,,,,,,,,,,,,,,
4fa5b6dfdb520ae4bc9512f34b04592a6ab8a116,,18,,,,,,,,,,,,,,,,,,
50097c9fcb7b64c3f1f09cc814cb1d759cc89f9c,,4,,,,,,,,,,,,,,,,,,
503da28d7aad6a4a2d14721d0f03b89dec1e348b,,30,,,,,,,,,,,,,,,,,,
509c28bc99d9b95ba9c1318ef4894096d755a509,,2,,,,,,,,,,,,,,,,,,
50d09fcba2f36c9be0fa78394135f090f9df63ea,,86,,,,,,,,,,,,,,,,,,
516b00a01a881828cc0c976aa5fd942e1bdbc2db,,52,,,,,,,,,,,,,,,,,,
51fb3f2484eb9d7527f1182890d88cf3e0d9e30f,,2,,,,,,,,,,,,,,,,,,
54c4743101ec8392c106da6bc6561d51511982e0,,64,,,,,,,,,,,,,,,,,,
54d0723280928f98c3c02f99b35441582c8861d1,,6,,,,,,,,,,,,,,,,,,
54f7b6fec829b68b1fdceccb2ec9258bfb3c835f,,30,,,,,,,,,,,,,,,,,,
5561cf218db06594831a91af4f654fd0055e6378,,6,,,,,,,,,,,,,,,,,,
558cc92ea350aa8967dfa084801074e666313b02,,82,,,,,,,,,,,,,,,,,,
5614bf7f44945548764439b58f7193a0c341e8a1,,2,,,,,,,,,,,,,,,,,,
568cc7c755a8df9bf52755e5c27d8801e3219f91,,2,,,,,,,,,,,,,,,,,,
569b9fd058e310979b03841cd5dc9c8660982913,,40,,,,,,,,,,,,,,,,,,
57366ec14ded7f7ba94a4ecb5975de6af17794e0,,114,,,,,,,,,,,,,,,,,,
577592cb9454b1f1794b2e3d1a7ae7fffd6fe846,,12,,,,,,,,,,,,,,,,,,
57a042ff4600928c4a513ff789e21aa4db8e5526,,70,,,,,,,,,,,,,,,,,,
58874497ca70d975985e2f07fcd63a258c93415a,,350,,,,,,,,,,,,,,,,,,
58c1a57f4a82bbbdfe3612c9a890f36fbb244a44,,8,,,,,,,,,,,,,,,,,,
58d8889692697a0b725770030cd8be6938d13a3c,,72,,,,,,,,,,,,,,,,,,
5928a61eb4f39647b5de31b795d4d6542d7b772e,,152,,,,,,,,,,,,,,,,,,
5a1a8e6d217f6ba3c6eb17eb03917f4a5cd55e6e,,22,,,,,,,,,,,,,,,,,,
5a5827b4dff3cdc7d9acd08ec3f8d518c3a1882a,,24,,,,,,,,,,,,,,,,,,
5ab3e4e6d6874e164053ec1465b4baa8cd0287f2,,2,,,,,,,,,,,,,,,,,,
5b5b553f3c678f3b86a05e3000c8dea074ee9820,,4,,,,,,,,,,,,,,,,,,
5b85596679859761f97b7c75bfb1bd12f0c033e1,,38,,,,,,,,,,,,,,,,,,
5b8d9fab36ba5f8e24f457b1c49c71c16bb4527a,,18,,,,,,,,,,,,,,,,,,
5b9258fc20275d635a87245d56d3808571c08c64,,28,,,,,,,,,,,,,,,,,,
5bd6ce13734ef006fe06b629684c8b54201d3a78,,18,,,,,,,,,,,,,,,,,,
5be321d6b228d3968443caff103efef57a93c0d4,,72,,,,,,,,,,,,,,,,,,
5c6f227437fb2e6958fe519d79fdf878d91efb02,,6,,,,,,,,,,,,,,,,,,
5c9fb6ae65082f55ed8c912eb2f9a66f63f970c2,,30,,,,,,,,,,,,,,,,,,
5cc2384f8e028c263fb3fff8ab791f5f6ecdb5ef,,2,,,,,,,,,,,,,,,,,,
5d30f00af1dba6263947ab8b6d7d511c7f77c6e4,,22,,,,,,,,,,,,,,,,,,
5de4638f2251f4f36581646821c05f2d124686b2,,2,,,,,,,,,,,,,,,,,,
5e4bbb251e06f37b1c1a6112176d6baab3dd7d5a,,94,,,,,,,,,,,,,,,,,,
5e86b19055642178edbf4bf9ef4b89753aa8d5cf,,2,,,,,,,,,,,,,,,,,,
5ef8fb27b56ad80de384bc54af5bc2bc89ce321f,,30,,,,,,,,,,,,,,,,,,
5f24a9d9d2b30a62725d9c9d71266911ca7b80c5,,4,,,,,,,,,,,,,,,,,,
5f3c2000985b9e354e57a6adfd095ec27a608791,,8,,,,,,,,,,,,,,,,,,
5f758c5389a7aa80ffc12c84dc1ff0b57d95df0a,,72,,,,,,,,,,,,,,,,,,
5fdd8bd734d4f93a2571a413dcb9d56c1fcaacc7,,282,,,,,,,,,,,,,,,,,,
5ff729ac270eb09f5c50773853f71e08db0ad1ac,,2,,,,,,,,,,,,,,,,,,
60f4d3ce5122b930231346d9346c5e9af0f9261f,,26,,,,,,,,,,,,,,,,,,
60fc91ec301b959bf284224f46c584b276df494a,,512,,,,,,,,,,,,,,,,,,
61884c7636a1dce239a41d4b8ddc2ee7cf9daeb5,,62,,,,,,,,,,,,,,,,,,
623bfcd55e361b37234c86e702e7358075007585,,10,,,,,,,,,,,,,,,,,,
625e841fba9f8b9b3b88509c07118940bd279e85,,4,,,,,,,,,,,,,,,,,,
62d34583985d925698267be11507101866029085,,6,,,,,,,,,,,,,,,,,,
635486e3a007e8cd2fd5dd25ae59b4df92bd0c59,,12,,,,,,,,,,,,,,,,,,
639ffb4a8de0386aa50711697996afbbd3a1f414,,40,,,,,,,,,,,,,,,,,,
63a05a4da761341e879167eaa682a205b7d145d6,,4,,,,,,,,,,,,,,,,,,
646b2d31da3e1c8564e49da070d883ff1159cbe8,,66,,,,,,,,,,,,,,,,,,
64950add3860c6ee57a6c91e642191842ec2de74,,10,,,,,,,,,,,,,,,,,,
649c0af26c4a4045b1a9d7dff863937f40e840cb,,86,,,,,,,,,,,,,,,,,,
64a67022a8e7e631ce968365a692b2348cd54fe4,,40,,,,,,,,,,,,,,,,,,
64e132befa8db9790803609fd826fa45fca106c1,,16,,,,,,,,,,,,,,,,,,
65309136d35a419b13b5aed852c6d1b3cf540179,,4,,,,,,,,,,,,,,,,,,
65b10ea2aea6bdc5e51460cadddbbcf64a8f147a,,542,,,,,,,,,,,,,,,,,,
669348f0ec42988f85689c7276cfc38fd01b81fa,,170,,,,,,,,,,,,,,,,,,
67710d5290ea972db5652b7341654657f1ec54ab,,6,,,,,,,,,,,,,,,,,,
685f92d3a78237801895a148217e89c20a6a1a7e,,8,,,,,,,,,,,,,,,,,,
6954109c996266878885c1551d2128c65ef7dcbd,,8,,,,,,,,,,,,,,,,,,
69cf7f54cb09be0989a882996582648ddfb13863,,28,,,,,,,,,,,,,,,,,,
6a0ee6d91a29d42dbe245507565d2b96a5491683,,22,,,,,,,,,,,,,,,,,,
6b777e6a80866364470347064548cf02e3c1a277,,20,,,,,,,,,,,,,,,,,,
6c4a5dfb68c7036bf459de3a22506851e39ab48b,,60,,,,,,,,,,,,,,,,,,
6cecadcf683055617a8d259ec285c26c8ce231e7,,36,,,,,,,,,,,,,,,,,,
6d07fa168f01f0de4d6bf8abeeffb830663b60f9,,136,,,,,,,,,,,,,,,,,,
6d3f69c7a400537e4c0754df3c7bf0cc2dd644e6,,452,,,,,,,,,,,,,,,,,,
6d549c87cf3f763cb97e6ea5992d95f13cc6eeda,,8,,,,,,,,,,,,,,,,,,
6d97526b28a733f677cb37eb1fb83fd0bbf45f4a,,68,,,,,,,,,,,,,,,,,,
6e416d03894d9f12c6213588868c9e76ecf85f0f,,47,,,,,,,,,,,,,,,,,,
6e51f97db3eadc9957f918f2cd38e740f2c0ae4b,,76,,,,,,,,,,,,,,,,,,
6ebac8db5aaeef198000e2d21bc11c2fa2610023,,146,,,,,,,,,,,,,,,,,,
6f80459ccf57d15ccda176ff6266b041214600d3,,4,,,,,,,,,,,,,,,,,,
6f806f0ae67ac1a9510479eb5ec329b282012202,,18,,,,,,,,,,,,,,,,,,
6fa062ec5347af026d4abf63c2038629f6dc9418,,18,,,,,,,,,,,,,,,,,,
6fc26c1fa9491766a3f6b9308ab90a2528393e61,,5,,,,,,,,,,,,,,,,,,
6ffc43e393f3832668d5be12ca556aa658ac867b,,6,,,,,,,,,,,,,,,,,,
706d875dbe59155ab2e4089d78710a98327d0b6d,,16,,,,,,,,,,,,,,,,,,
708a610f58cb22f09c6a2b75eccbd27ef9a4cf9b,,2,,,,,,,,,,,,,,,,,,
70f08654d26eb46c30c3e7b5f4b641e119462eb2,,4,,,,,,,,,,,,,,,,,,
71093c5ddd17719c3d7b82ed57dd016b04bfb954,,26,,,,,,,,,,,,,,,,,,
7228cad63727b0a6336febd51d0897a15eb25042,,8,,,,,,,,,,,,,,,,,,
72914c4442b6b95d441cf58d376bbb97cc3f713e,,164,,,,,,,,,,,,,,,,,,
729f50ef5491843feffacff1ef3ddfcafde0a418,,660,,,,,,,,,,,,,,,,,,
72e8d243f83c2f0288921b0f4da26ace2a481268,,114,,,,,,,,,,,,,,,,,,
73548179e87d5e1d1154b082689493474c477ba9,,4,,,,,,,,,,,,,,,,,,
7381987a0211301877e7da99925a5ae4028e6664,,48,,,,,,,,,,,,,,,,,,
7396be7e1171c01ad7d6d2067cba5e8a5b5ffdcc,,3,,,,,,,,,,,,,,,,,,
73ad53859d7351a72281bc389dc2d158c6d428c8,,10,,,,,,,,,,,,,,,,,,
7499ab537caececfc8ed96c7e19a18b870ee95f4,,76,,,,,,,,,,,,,,,,,,
7544895929e236cbf243d416d51cd4cfcb340d80,,22,,,,,,,,,,,,,,,,,,
7594dedb0d763d4faa935475be70180b6bf1080f,,10,,,,,,,,,,,,,,,,,,
75ef73fd48488a8b0b5fcf661f6ac8e48895979d,,12,,,,,,,,,,,,,,,,,,
75f8a9654b9d7e7f9c4b20b2e26b3da3284355c0,,60,,,,,,,,,,,,,,,,,,
766ea2ad42d4fdd01f99a2518dfa3486c26c13a9,,32,,,,,,,,,,,,,,,,,,
76794c6d83aeed75b5d8ad6eeda8b7f7fcd94778,,4,,,,,,,,,,,,,,,,,,
768ff13d9b6e24323367deca5ae8fd7e9cf2a1e2,,6,,,,,,,,,,,,,,,,,,
76cadea28c450ff7c189f14d7088631588e722e5,,34,,,,,,,,,,,,,,,,,,
770bf2b866d88d0cf6b221871171098e05e9d24d,,82,,,,,,,,,,,,,,,,,,
773701245d2e541d18d0235cf171b3c62df1a744,,2,,,,,,,,,,,,,,,,,,
77daff75232f14192ec56d2cd64c273c24d6f478,,42,,,,,,,,,,,,,,,,,,
780b3dddadb6dd804eb5497cf92c89d89dc385c1,,4,,,,,,,,,,,,,,,,,,
799d8509c23a7a1fac6aa341801d5994ebe925b1,,36,,,,,,,,,,,,,,,,,,
7a3847506c83244aa7c99561d41f6f54b2aa79d7,,10,,,,,,,,,,,,,,,,,,
7a697f21e418dfc0c4a4c388d4eba5a36dfe7c6e,,8,,,,,,,,,,,,,,,,,,
7a791299a7fbf96fc0955e9b24235363d18a01f6,,32,,,,,,,,,,,,,,,,,,
7b10eb1aa9c9129fdc0239a9d230b14370ad9c33,,20,,,,,,,,,,,,,,,,,,
7b34e4fa3c16375845e32bb7bcfafd8d4db5e5cf,,76,,,,,,,,,,,,,,,,,,
7b757c2d169dafdf6e00792a84f9dcc5dc94db66,,354,,,,,,,,,,,,,,,,,,
7bd02189746f2cd73ad7b0f9b39f80021e109882,,2,,,,,,,,,,,,,,,,,,
7be53ec9fcf323aa9ae583ac678576b3bebc9c6d,,116,,,,,,,,,,,,,,,,,,
7cbba51959ae2be730609e065f3dd9138d024960,,40,,,,,,,,,,,,,,,,,,
7cdd725e013f0e26805f58c6fbd724acbfa6d42d,,2,,,,,,,,,,,,,,,,,,
7d968a7df154de41d3e6d8350e37dadae6330467,,28,,,,,,,,,,,,,,,,,,
7dbdf35499435bda39a7b8f72a02b2f5e84406da,,2,,,,,,,,,,,,,,,,,,
7de3029afed87ef89905f94b97d042023ea61891,,2,,,,,,,,,,,,,,,,,,
7f3b98ac39502de87ca47e27a6a76b71aee4b567,,4,,,,,,,,,,,,,,,,,,
80fca5861b027148eac4e690a35051bc87f34ac9,,4,,,,,,,,,,,,,,,,,,
815f88088325300815517c89681cf2b05a7c9bb3,,68,,,,,,,,,,,,,,,,,,
81b95a49213d96dc96699f8d1d19d0e111f30598,,24,,,,,,,,,,,,,,,,,,
81c26c0b5d9204e4dfdad0b6108a45c1eb9cebdf,,4,,,,,,,,,,,,,,,,,,
821deb3f49e56d8edc6e588537681b1051ae8840,,40,,,,,,,,,,,,,,,,,,
8244da1270f205eb777acac549e5d9d0459f80c6,,2,,,,,,,,,,,,,,,,,,
82a543e0a19deabd32a8600f3f4c2470fe508a78,,12,,,,,,,,,,,,,,,,,,
82b4721d2dc043186adb228c0897bf02191de586,,38,,,,,,,,,,,,,,,,,,
82dbdd6699962005742c041afd0a1c9d80e4bf4b,,4,,,,,,,,,,,,,,,,,,
83527a1c1c2e8bf4f2259131f4fece722d8a3db5,,30,,,,,,,,,,,,,,,,,,
83f04b318101fd4dd8d7525b17843d90190c027b,,202,,,,,,,,,,,,,,,,,,
83fc029f445fdd444ab94d56059fb014aafa269b,,16,,,,,,,,,,,,,,,,,,
8483e7bcdd78efa01e4dd3f6fbbf85449af29343,,40,,,,,,,,,,,,,,,,,,
85be4a525f5dce454cbe4ac02499bf6d88d88d15,,6,,,,,,,,,,,,,,,,,,
85e88701fab5940e589cfd5823d1c059e78431dd,,18,,,,,,,,,,,,,,,,,,
8661a8132ac9baac468415807840364eedc7ee21,,2,,,,,,,,,,,,,,,,,,
866cdfbfb7f2af006789d7c0f6d16b4a8658ab5b,,48,,,,,,,,,,,,,,,,,,
86d0bb4ce32139f3972fdb406dd69e3dcaddf593,,12,,,,,,,,,,,,,,,,,,
87189050fad680b585371ade98af6fc44b0a534a,,40,,,,,,,,,,,,,,,,,,
8789a0e9154d08c1a4d6601acb7075266da429cf,,168,,,,,,,,,,,,,,,,,,
87cbdaca7b29071fea425a8580487c09fc29de9d,,18,,,,,,,,,,,,,,,,,,
8801ee3c4c9b55111382d869ece34bd98e02e604,,76,,,,,,,,,,,,,,,,,,
88245c411c24fbac2cc33e3cd23e9e08415218b0,,4,,,,,,,,,,,,,,,,,,
886a9a02e636095d0cbfefde2e1c1572c34db373,,6,,,,,,,,,,,,,,,,,,
88d8a91468b993e0d326880912df3b826106e2c5,,2,,,,,,,,,,,,,,,,,,
89472788ccf588da987fa8c4e54d6275b2f4bced,,40,,,,,,,,,,,,,,,,,,
89c389722f5e423edab5e012ebcea6a26cb4b7b8,,2,,,,,,,,,,,,,,,,,,
8a551d2188e888ca6c8a81af5a9f001943aeaf5d,,2,,,,,,,,,,,,,,,,,,
8b53e9b11c09ca70a7e9446c6d36567802ad895e,,10,,,,,,,,,,,,,,,,,,
8b73ab8fb4f27884c6a2146de084b2d41a68c8cf,,22,,,,,,,,,,,,,,,,,,
8b89ff36490be36ed31a400964955df0f1bbfcf6,,18,,,,,,,,,,,,,,,,,,
8bd556598bf65da5bf0e4d9e5d151733f135c831,,4,,,,,,,,,,,,,,,,,,
8c648b370acb41a1b969befbf77ff3dcaa9830cb,,12,,,,,,,,,,,,,,,,,,
8c6ddb26e7eb4b522b29a73d6b72da1ba1ac9643,,18,,,,,,,,,,,,,,,,,,
8ccee8c2d8d3456017d8d413681a950263fe9594,,40,,,,,,,,,,,,,,,,,,
8ce9f406f5824166921d708e8cadbe12699ec584,,6,,,,,,,,,,,,,,,,,,
8cf366a04252b1d852b875df6591dd854e0342ef,,90,,,,,,,,,,,,,,,,,,
8d79466a1de29b9bdc67c71aec0d16e939a5d3f2,,246,,,,,,,,,,,,,,,,,,
8db34c7bfd21b07cb76e8b61413ba59c731cd267,,8,,,,,,,,,,,,,,,,,,
8e1ada4d6dfc086d5675f8ebfffb03681448bb65,,14,,,,,,,,,,,,,,,,,,
8fae849afb4f1ea4e8feaee428eb011512a34679,,2,,,,,,,,,,,,,,,,,,
8fce2c852bf55ddf86c3e912b9f47013a9446081,,8,,,,,,,,,,,,,,,,,,
8febc9e31ae2c3be02ede67d1a5b32e545391c55,,176,,,,,,,,,,,,,,,,,,
9000d4b23535e8c2039b07caa09e411b1c532c18,,40,,,,,,,,,,,,,,,,,,
90d51f1c5075cd04cc4a0647e62552251d2fcb07,,6,,,,,,,,,,,,,,,,,,
90ed5fa45d22d3bca1ce74c9ab25de9501cd930a,,30,,,,,,,,,,,,,,,,,,
917572b8f33443eacd4d6d8bd409f69a4dd8f0d4,,5,,,,,,,,,,,,,,,,,,
91a1290f167deb3cc1c5f52d732bb2758ea5f558,,6,,,,,,,,,,,,,,,,,,
9256955f948671e312b31ab1cdc0d3a2dfd410fb,,418,,,,,,,,,,,,,,,,,,
92eb0d03a5971cda84808cf3222b963f4eb4b872,,204,,,,,,,,,,,,,,,,,,
92fd3e44418bcd8d40b90410f8fed3be17de76d6,,52,,,,,,,,,,,,,,,,,,
9329e8d10f9824b32d42ed3bbd0d76555f88ef15,,2,,,,,,,,,,,,,,,,,,
936b724e7dfed67801f28a4a52b55f670b29be42,,8,,,,,,,,,,,,,,,,,,
93ae7e0c8043a75654cf29000af42b49091f424b,,18,,,,,,,,,,,,,,,,,,
93b03a2bafc5364952dff1672ac32799a05bc853,,40,,,,,,,,,,,,,,,,,,
93e8326d47e136bc8f5f562cdcef9a6a3acd2511,,162,,,,,,,,,,,,,,,,,,
9433194e5aa074e4a3bcfae645a5ca0939ea2ca5,,12,,,,,,,,,,,,,,,,,,
9433fd0807d60f3f59e406eecaaf93e33a99586b,,10,,,,,,,,,,,,,,,,,,
9579a5edd93a82429574d1650dc3fe87daaae7b4,,16,,,,,,,,,,,,,,,,,,
958260ad0dd36142ee50914e51b12660d94e77ca,,6,,,,,,,,,,,,,,,,,,
958d1721b3ce91b3aa9436e42088d1abadfe18bf,,14,,,,,,,,,,,,,,,,,,
95d18f2fb777ad7abcc8f926e183b3a355ffcd5b,,108,,,,,,,,,,,,,,,,,,
96cff1093606160ad105648fbc57b3c69fe7a2fe,,2,,,,,,,,,,,,,,,,,,
96e8bbd93bfeea794182ad3abc795ae470e95417,,56,,,,,,,,,,,,,,,,,,
97750d0e877249da0a6ea457512c52c142b20ef0,,12,,,,,,,,,,,,,,,,,,
978d7b23638d7a236612cab60c1add24e0936838,,4,,,,,,,,,,,,,,,,,,
97b0490a0def82db9aa68b80c2a649d8bfbce544,,10,,,,,,,,,,,,,,,,,,
97b2ff3f3be6cbbadfd2478083b2451cbb5cdcf7,,418,,,,,,,,,,,,,,,,,,
97d06e72af791f8dbf79274f00b09f9b01ca2316,,48,,,,,,,,,,,,,,,,,,
97def234b04c5d0b11233241af43a3e8513b1b65,,2,,,,,,,,,,,,,,,,,,
99727da2981ba1c81525c09b8e2c0d754c9e1f19,,6,,,,,,,,,,,,,,,,,,
99b79e2fd35bc45c03d4241c973025ef95792240,,176,,,,,,,,,,,,,,,,,,
99c74df521e739b8c60bc65969dd080244b6247e,,4,,,,,,,,,,,,,,,,,,
9a59629c89804c59c212c282403e8f39135d3c77,,40,,,,,,,,,,,,,,,,,,
9a64bdc9ba57e93c2e2c4ba5e2278198203a3f45,,18,,,,,,,,,,,,,,,,,,
9bd585caec7ef580a941eba1833e03b58c3e2dca,,144,,,,,,,,,,,,,,,,,,
9be1a836a0950e118391c4200a9ca7490d61cabb,,8,,,,,,,,,,,,,,,,,,
9c7ebe3fbf306bfbb2b2602431a15b174860956d,,6,,,,,,,,,,,,,,,,,,
9d503d3e79c323bf63b035c6ee0d789cd5ac0511,,142,,,,,,,,,,,,,,,,,,
9d76977e92974258998e2d03faa61a839e672641,,320,,,,,,,,,,,,,,,,,,
9d92d82aae4a086e24994152c4a8ece08f5ca513,,16,,,,,,,,,,,,,,,,,,
9de2c0fc5cd49e8c6c7fe4f3743d76de044a48d4,,6,,,,,,,,,,,,,,,,,,
9de2c7ad5a0488a9e523b1f3b210f62bb681e010,,42,,,,,,,,,,,,,,,,,,
9e1466222de0130ca56085fd1bd5d1b5967750cf,,84,,,,,,,,,,,,,,,,,,
9e66d162525b108a955615e8179ab0b3a2143715,,2,,,,,,,,,,,,,,,,,,
9f1ad72795f92778da074f9064682071be7d1cb5,,2,,,,,,,,,,,,,,,,,,
a102873e7b6a4376feb843834cc4ac3e6d7c59ec,,192,,,,,,,,,,,,,,,,,,
a1029e3f6f7fa210a6a776c4b83a2aef89ad470e,,42,,,,,,,,,,,,,,,,,,
a12d1ec02826d02635de778458f3c1e31a86f691,,8,,,,,,,,,,,,,,,,,,
a3c610ac2dceba9bbb1d52da1a1b26bba1e8a5b2,,50,,,,,,,,,,,,,,,,,,
a3cf941eadf9c6a3f46ebc5000c91f6ba65a92de,,242,,,,,,,,,,,,,,,,,,
a3d55f8fea68f48d9ff426aab22e962bd8cbeeee,,12,,,,,,,,,,,,,,,,,,
a3fde83f6c384514e2daa7f6c344611d7d95fcb8,,8,,,,,,,,,,,,,,,,,,
a4805ec07f48cfad4b05a9d8b102ba4ea3e84730,,32,,,,,,,,,,,,,,,,,,
a5ec69d0c61e9abe9c688a39f14dcf2e666642e8,,56,,,,,,,,,,,,,,,,,,
a60c25e9afe75630194ff42392d16465d0874877,,18,,,,,,,,,,,,,,,,,,
a6a85bb3d09f4b25d9ce8a33761773da80080775,,30,,,,,,,,,,,,,,,,,,
a6f687fe83bf985a599a783b32a09c75d92fe47e,,22,,,,,,,,,,,,,,,,,,
a724006be07e6378f3803d87bb627f8b2e2fc42e,,8,,,,,,,,,,,,,,,,,,
a7460fd8f947bc93613fb2cc6230d16124adc72f,,2,,,,,,,,,,,,,,,,,,
a7d14264da0323ab51657822f139c11fa86ff0b5,,28,,,,,,,,,,,,,,,,,,
a7f75e8c87a91307add508e998f3f469b85cee25,,112,,,,,,,,,,,,,,,,,,
a85d47bc557c249e4f7dbc8b2eddd03e5dc383ec,,6,,,,,,,,,,,,,,,,,,
a88badc23f091287c193165acd8f99a5141f1a30,,20,,,,,,,,,,,,,,,,,,
a8b247f18e49a79f8d8565a3d1e0f8e1fc941621,,8,,,,,,,,,,,,,,,,,,
a93ae87e286a864831d348204c4fa6e479b0ebcb,,196,,,,,,,,,,,,,,,,,,
a98a20aab9387c769db742cec0b809c014f4c327,,6,,,,,,,,,,,,,,,,,,
a9b60b7d79f4d6460dc9f5dc8d8931ccea5974df,,6,,,,,,,,,,,,,,,,,,
aa02298315e8587ff5d9c1e020ae6071b67952ed,,48,,,,,,,,,,,,,,,,,,
aa102e9bb040fc6d64b97e53656d512e174c23e9,,108,,,,,,,,,,,,,,,,,,
aa8824992138d18e7d9a2b0804a9b981cfb8d342,,4,,,,,,,,,,,,,,,,,,
aae7c60c1522b90ad94a061b133d59d04b14f34a,,2,,,,,,,,,,,,,,,,,,
ab5e8c0bd2815cc0b1393b15e7d002f945f63f95,,58,,,,,,,,,,,,,,,,,,
abd25d96fc6fb98e3efd16ab4524a17d54feabfc,,60,,,,,,,,,,,,,,,,,,
abef4a642e349648d5f610b08519d5ce27eb0fd4,,8,,,,,,,,,,,,,,,,,,
ad31ae4ba960a81d2de010fc1d785e28113c2d8c,,58,,,,,,,,,,,,,,,,,,
ad743b0e7c06463991433087d60ece82ef71dda6,,16,,,,,,,,,,,,,,,,,,
ade91d03876322e364bd4997477ef9ce41a2f3a3,,26,,,,,,,,,,,,,,,,,,
adfeda13f5cd308b32d4a083312a65c6ac1559c3,,6,,,,,,,,,,,,,,,,,,
ae074b4beac9f2451936d367c5fd8b817baf7089,,38,,,,,,,,,,,,,,,,,,
aeaaf82b1e7ea574f7e8e71d488d697755a5ebbd,,2,,,,,,,,,,,,,,,,,,
af0ce496d1036a6a098a3c002b076c4372b08627,,46,,,,,,,,,,,,,,,,,,
af54336e19dee8bb756ae1e7df40865a0b7f8ff0,,8,,,,,,,,,,,,,,,,,,
af8c824b84e65135aeaa8e890a452c47b4a55a54,,4,,,,,,,,,,,,,,,,,,
afa059d55446c2937fabe0946fa3dbc0c976835f,,40,,,,,,,,,,,,,,,,,,
afe1b2e2e745325f4378600248ef3c425cee3eb8,,342,,,,,,,,,,,,,,,,,,
afeacdbdce490f9250f1123c72e4ddbc502dcad1,,18,,,,,,,,,,,,,,,,,,
b03cb08b815dfed57bbea6dc7edb1fece135641c,,12,,,,,,,,,,,,,,,,,,
b06ff2556a9f6d9e6a295ff76b79d4bbcc8739c7,,2,,,,,,,,,,,,,,,,,,
b08e619c0927accaf334c4c8dcaf7541fa939f77,,10,,,,,,,,,,,,,,,,,,
b0ab437acad1abd09dd1f076417fe94dc9387ad1,,4,,,,,,,,,,,,,,,,,,
b0ac0a8e997baeca43e8a526c532115fc30e0a97,,10,,,,,,,,,,,,,,,,,,
b13944cd6ca84718f39e697924996826ca7999c1,,2,,,,,,,,,,,,,,,,,,
b154820bcd8f22314c99dd1f70adba02869c05dd,,24,,,,,,,,,,,,,,,,,,
b2b847cc57c99a40254b313e1827e4928d8fb692,,16,,,,,,,,,,,,,,,,,,
b2bb6a35c33332ba254e40e6734e0ecdaede99b1,,108,,,,,,,,,,,,,,,,,,
b2c0692f98fb399a53c84e87822ef6a44ba1ba6a,,482,,,,,,,,,,,,,,,,,,
b37bcf65495c54973b28da1d871a06cc671a1863,,140,,,,,,,,,,,,,,,,,,
b4256ad31ce6484f74427fa2dc346787d06db489,,24,,,,,,,,,,,,,,,,,,
b49cdf623e33f6317f5c88d8c70acd0ad5976e9e,,10,,,,,,,,,,,,,,,,,,
b4e3cd5eca96147601009b11ed4f37b51557cd72,,778,,,,,,,,,,,,,,,,,,
b5fdb96d4abb44dc9369e8b2d59e69a235a423fc,,14,,,,,,,,,,,,,,,,,,
b6014765e355c7729d9b0427bb64ef87bd4fd9ca,,76,,,,,,,,,,,,,,,,,,
b668be7df8216b4dafa8590e60e7e9b9652e0645,,4,,,,,,,,,,,,,,,,,,
b68cc4b9cfd0cc31dac9233d9737c118670c688e,,64,,,,,,,,,,,,,,,,,,
b6b30e3e5e72139f068fd747b346a6478e15d93f,,246,,,,,,,,,,,,,,,,,,
b6f8a4e3568d8c596cfba85c8d3676ac6661cb5d,,30,,,,,,,,,,,,,,,,,,
b840e52e33d4ba4c1fd56f8b2be27b6d971ea3c8,,74,,,,,,,,,,,,,,,,,,
b8d4f7be6c19f39dfe2d6a02306f27e4f1527a8e,,96,,,,,,,,,,,,,,,,,,
b98e377af8a21dfa1585a7328de27797a60c1735,,14,,,,,,,,,,,,,,,,,,
b9d0aff00ae1a584a6df0aac2e9574d1861eed69,,30,,,,,,,,,,,,,,,,,,
ba63c4ddbffd0f391851774964cb3699a8ac296e,,4,,,,,,,,,,,,,,,,,,
baf6cf61f6280819fd5adb2e1a1e8d75428f685f,,4,,,,,,,,,,,,,,,,,,
bbef164c9f14ca50dfbc6bf07f495e7f46de375e,,2,,,,,,,,,,,,,,,,,,
bc010bd968dbf8905b7a2103bb53d7292ceb7016,,60,,,,,,,,,,,,,,,,,,
bc1e3d1cd156c052aba9d102cda5da9061c7f55b,,2,,,,,,,,,,,,,,,,,,
bc6aec8a64308c714ef29cb40589a758d1b6b4a6,,4,,,,,,,,,,,,,,,,,,
bc6c396d90d602c954f85b2245bbd833630e2a77,,512,,,,,,,,,,,,,,,,,,
bcff86a563667d6c0546afe0f3a3e1bc9ae87e57,,96,,,,,,,,,,,,,,,,,,
bdf6ddc52fb7cb10c68643b508cb670794cc1489,,4,,,,,,,,,,,,,,,,,,
be06e5211b502c2ae2b71b0f4e45060acb9060b8,,4,,,,,,,,,,,,,,,,,,
beb040a00b9c65c0bf5f0933a729e39f8a2d08f7,,190,,,,,,,,,,,,,,,,,,
bf6d320dc2d82901b8267215f72c314a604d370b,,286,,,,,,,,,,,,,,,,,,
c026f65ddab96a9809075fd5d2222fb957510b22,,26,,,,,,,,,,,,,,,,,,
c0710bb48d8c884676ab8a381d2237ad03d61e06,,40,,,,,,,,,,,,,,,,,,
c10646036735b701e6691a511524a3ae9df8a47c,,15,,,,,,,,,,,,,,,,,,
c1fc301974015f02cf9f05df142ee6ccafd72bd7,,12,,,,,,,,,,,,,,,,,,
c2286fa96f56dc2dc5c0c660e37c1951b6163917,,122,,,,,,,,,,,,,,,,,,
c255b552467c684cf60575b92bdf696de15a950a,,4,,,,,,,,,,,,,,,,,,
c288569622e0b648c782b2b5cda77468d744963d,,18,,,,,,,,,,,,,,,,,,
c288a00393ae797e5ec4f9c949096acc34b546cf,,86,,,,,,,,,,,,,,,,,,
c2963207ca6b733f283f270e1fd7f6e5de30dd24,,44,,,,,,,,,,,,,,,,,,
c2ec1c169951c1b9c30284a9a105f02927484bba,,2,,,,,,,,,,,,,,,,,,
c32e2a1d4f6e3fbd3b594ac3d126dacc3e6e4d20,,136,,,,,,,,,,,,,,,,,,
c365a7e676cf3127ed1532cedcab6f7c0b5b8298,,20,,,,,,,,,,,,,,,,,,
c5509eb868de1fdf9426e9c14bd3b8651a7eae0b,,36,,,,,,,,,,,,,,,,,,
c577b43a68d245cf016bb4bcfdef58ffb79c161a,,4,,,,,,,,,,,,,,,,,,
c5a023f1f6e018f678f8041d54a4473a23aa7ff0,,11,,,,,,,,,,,,,,,,,,
c5f205c163c0767ed9566a7852ceb99a8c2cb61f,,24,,,,,,,,,,,,,,,,,,
c671ac6db5c7eb2712ec2cfa5c8ba0b4573fe080,,578,,,,,,,,,,,,,,,,,,
c6e204372ce2fe07f7d2c410a58bc61418c235a0,,16,,,,,,,,,,,,,,,,,,
c7253e6c978be83b3ea7fc8b754aa6915049e8d0,,128,,,,,,,,,,,,,,,,,,
c75946830c43b1343d61d2a3cd41648d577b2b3f,,18,,,,,,,,,,,,,,,,,,
c7f90f03d4c8c041890d9e743ca05d24cd6c1f19,,22,,,,,,,,,,,,,,,,,,
c8578a3f4e1a79ba320f7c803c1004e650612299,,224,,,,,,,,,,,,,,,,,,
c876ab4bd88f5691d7bbf3b2989648686787ffde,,22,,,,,,,,,,,,,,,,,,
c9748b22537d3acfaf5fcea791d9ea13ae19223e,,28,,,,,,,,,,,,,,,,,,
c97db197a1487a3c198fc417ed7d621e2675bd8c,,38,,,,,,,,,,,,,,,,,,
ca35a9475663b793ef3f4f8022ce43847316b43b,,78,,,,,,,,,,,,,,,,,,
ca4e6585d6d1e5e053d6435a24bece8c188a1e20,,13,,,,,,,,,,,,,,,,,,
cad273b99cdbb36b7a7ba842b9adbbae961d6f1a,,28,,,,,,,,,,,,,,,,,,
cb17af3d121132876ea42976fc5c4dd08fa39711,,78,,,,,,,,,,,,,,,,,,
cb43f58113c6921cbfe4ff405ce1d6a90cd67baa,,6,,,,,,,,,,,,,,,,,,
cb5e216ee38d7b7720daedde82d6b0551926aff6,,16,,,,,,,,,,,,,,,,,,
cb96f57650aa2d1db9bf3f4c97c9f441a63930d5,,4,,,,,,,,,,,,,,,,,,
cc671c9b1594dde718765ffac5b5c0441ee9765e,,18,,,,,,,,,,,,,,,,,,
cd9827e28541ce7731204d31395e627bc77b4ab9,,20,,,,,,,,,,,,,,,,,,
cd9ac78b11b8ed759b45d8a86b0afa74bb92bd05,,4,,,,,,,,,,,,,,,,,,
cda419fdd0623e8220296ecf976dacf160eeab93,,6,,,,,,,,,,,,,,,,,,
cdaa99946ae5eab83b92c4b74d050e182f808fec,,28,,,,,,,,,,,,,,,,,,
ce1814f357738a731a3a902e5fd01baa17566d31,,14,,,,,,,,,,,,,,,,,,
ce65f03803db4ace67744a2193575a5ff21f278f,,698,,,,,,,,,,,,,,,,,,
cfaee80ad86c0f09a55f3bbfea08adea123e0ebb,,36,,,,,,,,,,,,,,,,,,
cfc8237f5a372d1815f73d1629c01ffc40fd236b,,4,,,,,,,,,,,,,,,,,,
d01636b96b5b0ca90aa07bc60f2e2c72185a0c87,,46,,,,,,,,,,,,,,,,,,
d0164eacde5de1305dc18926f7eba98bc3dd1681,,2,,,,,,,,,,,,,,,,,,
d09976f40f0369492de09de1cc98c11c03859718,,2,,,,,,,,,,,,,,,,,,
d0d652ad66f8b1b7cbd8c2ee69d6ddcd108daf81,,72,,,,,,,,,,,,,,,,,,
d17671f5234d97747f6c2b30fcd14e5c69124820,,2,,,,,,,,,,,,,,,,,,
d18177c8f6078e5ee89d1c371d34a3681ba74201,,94,,,,,,,,,,,,,,,,,,
d1d2b8c3c6e1c8ce5fa0231350d455bcb8208a3f,,30,,,,,,,,,,,,,,,,,,
d1d665b0bece3ec1331f20190892bbd0cf556f2a,,146,,,,,,,,,,,,,,,,,,
d229ea65aec4a61e458af7fa3671cbc2a98bf2c5,,2,,,,,,,,,,,,,,,,,,
d265cb83060dd8760c3d622ad876a903abd5bfbb,,122,,,,,,,,,,,,,,,,,,
d36b35ec031a61a3de7709f72dd53e7de0848d9a,,2,,,,,,,,,,,,,,,,,,
d4d157470b8c980de8823de82d8ff8cbed1d808c,,2,,,,,,,,,,,,,,,,,,
d53816c2e7be10770b8c6d906ecc5f8a127f641c,,12,,,,,,,,,,,,,,,,,,
d590a026df1ae8fe0ecd3821d4ef3e6c02224fdd,,318,,,,,,,,,,,,,,,,,,
d5a32251e04613b1f1daeb9fc6f2d63165f2c763,,16,,,,,,,,,,,,,,,,,,
d5acac4b74f49669c49f3e1129a17535de4f6f2c,,22,,,,,,,,,,,,,,,,,,
d5d18f582c6e3a8eedaf48a12d5f8bf1e8a3c3d5,,394,,,,,,,,,,,,,,,,,,
d62c8a9efd415266b23a06b0b8f03db5af95c7d8,,8,,,,,,,,,,,,,,,,,,
d79d2498b0d1a6763efd74dad345ae68ea9769f0,,2,,,,,,,,,,,,,,,,,,
d81a86dc7a1efb1a61e9924103d2cb500c5c7394,,12,,,,,,,,,,,,,,,,,,
d8c4cfcee588896fa3fb9c6c3be5d27420115892,,84,,,,,,,,,,,,,,,,,,
d8d7b3a415a41168d57a1444dd39a38886c4c41b,,92,,,,,,,,,,,,,,,,,,
d90767c46c831039e3f76ab512a7dbb41650b9c7,,36,,,,,,,,,,,,,,,,,,
d98af2a14c96e3c7d7951313d4fd3bdfa80b21ed,,24,,,,,,,,,,,,,,,,,,
da5725661757fe22a5ce752b6aa507b06e04f119,,2,,,,,,,,,,,,,,,,,,
da5cfc5140811ee24de0b880e242f0f6ecf25864,,82,,,,,,,,,,,,,,,,,,
da9205a0197beafe9e6d7a0fc1cf23f8d3c9d669,,16,,,,,,,,,,,,,,,,,,
daf4299271f60c591f8839d6e49267ada7450bc7,,28,,,,,,,,,,,,,,,,,,
db55605586d839ec4440dc09432b535f10c25178,,16,,,,,,,,,,,,,,,,,,
dba1bf18053809930751e6629c1071dda910658b,,8,,,,,,,,,,,,,,,,,,
dcfbaeb297e3c745e999982d750b88a0cfc86cf4,,12,,,,,,,,,,,,,,,,,,
dd30ce2079b4bb14ca2e04bd31a3279f0636622e,,2,,,,,,,,,,,,,,,,,,
dd54167683a59926ad987c599a2e4ed0b3010be3,,25,,,,,,,,,,,,,,,,,,
de093eaa7268e984e1512f39a0b33039bc473aef,,10,,,,,,,,,,,,,,,,,,
de593d7b520fe7e980dfb7087aaf957053b66d51,,10,,,,,,,,,,,,,,,,,,
e18e01d908a4392fa6f7bb7d8d69cd20ebbaca73,,2,,,,,,,,,,,,,,,,,,
e1c888dc061747f4db22dbfd8c885cd9c50d91ee,,2,,,,,,,,,,,,,,,,,,
e1d30d7af8ac0153711c8e74675f77ceab5fa1d8,,10,,,,,,,,,,,,,,,,,,
e1fb39c4acab67e6e95dd51aa91a2a839306ca6b,,324,,,,,,,,,,,,,,,,,,
e20f4ee83be9ccf15f49bb0077908b37db094c00,,2,,,,,,,,,,,,,,,,,,
e21af9e08909ad238499d9d8e71cafca42b18363,,6,,,,,,,,,,,,,,,,,,
e2f2eb3d8ab1f260ac45847d16209d87e5eb025e,,12,,,,,,,,,,,,,,,,,,
e332ca91a8e1519c8103a8d78b143424bbf1519c,,54,,,,,,,,,,,,,,,,,,
e5cbcfde7fef45aea60aeee0048cf5c8c22c3d8d,,38,,,,,,,,,,,,,,,,,,
e631e0a67b13278eb3089dac1fab8ec94c185318,,20,,,,,,,,,,,,,,,,,,
e6577aa61378da521fd2d33f95b47a7e18f7052b,,2,,,,,,,,,,,,,,,,,,
e67f62f43996a01054420a492f5ae23ad16d3269,,12,,,,,,,,,,,,,,,,,,
e7f5ca5b20945e5c2d63493b554a0d255a8c46f4,,12,,,,,,,,,,,,,,,,,,
e9637656ae447638cee1f5554d9594668880766f,,2,,,,,,,,,,,,,,,,,,
e9816657c0cb9dec5b142c4da51f37e329c37f3b,,94,,,,,,,,,,,,,,,,,,
ea333053994f7236f2040c5223eaf21fb8f6aaad,,4,,,,,,,,,,,,,,,,,,
ea51a9ea8ca91129033805dba5935269b45e4f38,,192,,,,,,,,,,,,,,,,,,
eb77b189c9b6ba040be51bf87707945236fee316,,52,,,,,,,,,,,,,,,,,,
ec049bb63d4f923ad145a45400e23cc2533fd9a3,,20,,,,,,,,,,,,,,,,,,
ec4c5076d6d8339c7bee0b5e7fe14d10353a1db6,,74,,,,,,,,,,,,,,,,,,
ec5d1e6cccabf82213bdccfa1a72a0b71aa21f55,,54,,,,,,,,,,,,,,,,,,
ec68c1dfa916348b0baeffa6a190f824785d4125,,58,,,,,,,,,,,,,,,,,,
ec6f2fa58d20900d74372edca2bcd135da5db087,,70,,,,,,,,,,,,,,,,,,
ec81537d71abc68debf27945fa2c0029426abef9,,14,,,,,,,,,,,,,,,,,,
ecba9ae01dc130de87b04cf88039d4c3534a37b7,,122,,,,,,,,,,,,,,,,,,
ecf9f1352dc9ee1763740880d5d1546e6cf42090,,8,,,,,,,,,,,,,,,,,,
ed5ce65f699ea5b13385d6a1b239a7faab0b2334,,22,,,,,,,,,,,,,,,,,,
ee0a1aa5be69d7c5139a4ed606d30a1fe657bf36,,2,,,,,,,,,,,,,,,,,,
ee70d32e250e8427e8d59c22e12e83494a3f3385,,10,,,,,,,,,,,,,,,,,,
ef6c4b31c56ce6979314ca0741377deb02994629,,2,,,,,,,,,,,,,,,,,,
ef753e2ad102aa41ec41d544640a23a450c2e6d9,,4,,,,,,,,,,,,,,,,,,
efdc5902aaab728b9272a7ba19a270ad6347c9be,,48,,,,,,,,,,,,,,,,,,
eff1a545abddd11832d3d2809b3626cd27decaa9,,4,,,,,,,,,,,,,,,,,,
f0498d5baebbd0605761c36dbe0af6571fe2646e,,76,,,,,,,,,,,,,,,,,,
f0d5ccd58cedbbad8796e9a6f471f499b5237528,,6,,,,,,,,,,,,,,,,,,
f1c55184d044fad7e60b30f47a18feeb1bc22699,,2,,,,,,,,,,,,,,,,,,
f20c911b7006de67349dd05eeae0a411c3a47743,,6,,,,,,,,,,,,,,,,,,
f26d561ebe78ba9f39e0edd79ecdd953cdf00930,,12,,,,,,,,,,,,,,,,,,
f2726e184b701a0d214014bef366a0922115a610,,6,,,,,,,,,,,,,,,,,,
f28f88c973a561e5da695f0968ad4aa23a64863d,,36,,,,,,,,,,,,,,,,,,
f2e003e81697923a19232dbc01f54ceda4e92ad8,,8,,,,,,,,,,,,,,,,,,
f394b5833f25399e4064a4225eb1329913474109,,180,,,,,,,,,,,,,,,,,,
f3c6d9cba7703ce557fa34d2609141d7a8f30d9a,,2,,,,,,,,,,,,,,,,,,
f40ff60c4308a21f5bedd74be727fceeb831d2bf,,14,,,,,,,,,,,,,,,,,,
f4310a7fa80d22dcf75292f55c50fa170c68db07,,4,,,,,,,,,,,,,,,,,,
f4980b2d7118036a7666ebfc5d7390ca5c19132f,,20,,,,,,,,,,,,,,,,,,
f4b54573c5645176d43790642530d9e1c7925627,,40,,,,,,,,,,,,,,,,,,
f567c1a06c4bf3365852e5ead80ff5c50e5476e0,,28,,,,,,,,,,,,,,,,,,
f59f7eb40585048b67364e4319376d6700862b94,,52,,,,,,,,,,,,,,,,,,
f5c73b6e2104d6a81c4e9f65e8fe6bef4f6bd53a,,4,,,,,,,,,,,,,,,,,,
f5e756b64e1dc9b9a6ff4143b71f7529ac8d4bbf,,14,,,,,,,,,,,,,,,,,,
f616f058be73404d2c4b165efc1243a60e70e2f8,,10,,,,,,,,,,,,,,,,,,
f6350fe544b0049cc41f5346601e5a1402ff8dbf,,44,,,,,,,,,,,,,,,,,,
f65e8e15d665e929255499ecb59cb36ce5a573d2,,86,,,,,,,,,,,,,,,,,,
f687ba8cee0dadac2463d042f198b0d2ea27c1d0,,74,,,,,,,,,,,,,,,,,,
f696b4b7670417f3895ad5d723356fad7bfab7cd,,22,,,,,,,,,,,,,,,,,,
f8427995a4f6f0611a781e0fc1e8781552c6c7d1,,70,,,,,,,,,,,,,,,,,,
f8c09dcd6ac1192a0939bf7ca6fae03fa2991e6d,,26,,,,,,,,,,,,,,,,,,
f8e3140edc92a29fdc580ca07925c9a1443e1fe5,,38,,,,,,,,,,,,,,,,,,
fa747c99afaf1ad6392a0a36e1c95ead6b54bef5,,26,,,,,,,,,,,,,,,,,,
facd0f8b36a852083116a7fec659df7652018609,,236,,,,,,,,,,,,,,,,,,
fad45fc7381c443984162d8240ebaf78667d77d8,,2,,,,,,,,,,,,,,,,,,
fc2d805c1b4b55ea5badef0c55783f8e48773183,,8,,,,,,,,,,,,,,,,,,
fc6f46e5e5186337aefdf0ab54f7153904eeb9fa,,40,,,,,,,,,,,,,,,,,,
fc70b8919cf9c1cbc601f04d7e04955d3fb08e6e,,148,,,,,,,,,,,,,,,,,,
fc95ae55e219a14567256200d7fce5f572f22e29,,2,,,,,,,,,,,,,,,,,,
fcd1fd9e4779d7701692a48125b5707c60dceb6d,,40,,,,,,,,,,,,,,,,,,
fce7c2ec3a998f8efc5d8764ce6f768d5ee93a8f,,2,,,,,,,,,,,,,,,,,,
fcf6a2af089a65305bf9341fd4ebdff4b2e94318,,12,,,,,,,,,,,,,,,,,,
fcfb5f5ed6fb2d237a963bd01022ca3c92510c40,,2,,,,,,,,,,,,,,,,,,
fd580c63e692009bf9d20dfdb335be0e4f1343ac,,2,,,,,,,,,,,,,,,,,,
fddc246cf16ace0a874b6cb378ee2e73ba791dff,,18,,,,,,,,,,,,,,,,,,
fde923de44891408ec0987b3219182df347a5bd9,,20,,,,,,,,,,,,,,,,,,
fe16af1a56f7d7f692209f6c6c4eb170c16993a8,,8,,,,,,,,,,,,,,,,,,
fe949960c2a2935d2ff52c295caf7d6b386ad193,,48,,,,,,,,,,,,,,,,,,
ff0dcfe03582a30ad6d570080f4736d3e51cd459,,8,,,,,,,,,,,,,,,,,,
ff2c9e3649339d9d9e59c674ae971f8ef9d00556,,4,,,,,,,,,,,,,,,,,,
ffcf7817ac4f9acc2861864052e5e1b921b52dbd,,8,,,,,,,,,,,,,,,,,,
